Sno,TrackPath,TrackName
1,Stimulus/drum01part01.wav,drum01part01
2,Stimulus/drum01part02.wav,drum01part02
3,Stimulus/drum02.wav,drum02
4,Stimulus/drum03.wav,drum03
5,Stimulus/drum04part01.wav,drum04part01
6,Stimulus/drum04part02.wav,drum04part02
7,Stimulus/drum05.wav,drum05
8,Stimulus/drum06.wav,drum06
9,Stimulus/drum07.wav,drum07
10,Stimulus/drum08.wav,drum08
11,Stimulus/drum09.wav,drum09
12,Stimulus/drum10.wav,drum10
13,Stimulus/drum11.wav,drum11
14,Stimulus/mixed_audio.wav,mix
15,Stimulus/mixed_audio_reverse.wav,mix-rev
